project,github_url,stars,forks,last_commit_date
aidenlab/straw,https://github.com/aidenlab/straw,70,35,2025-04-06T02:23:28Z
corybrunson/ggalluvial,https://github.com/corybrunson/ggalluvial,524,34,2026-02-22T13:12:42Z
snowleopard/alga,https://github.com/snowleopard/alga,763,74,2025-07-13T10:07:51Z
maximecb/gym-minigrid,https://github.com/Farama-Foundation/Minigrid,2518,654,2026-09-10T21:43:25Z
seung-lab/cloud-volume,https://github.com/seung-lab/cloud-volume,175,54,2026-09-28T22:12:01Z
STVIR/pysot,https://github.com/STVIR/pysot,4603,1110,2025-06-22T03:59:22Z
google-research/torchsde,https://github.com/google-research/torchsde,1727,231,2024-12-30T10:52:51Z
tidymodels/rsample,https://github.com/tidymodels/rsample,343,68,2026-09-17T17:57:29Z
coin-or/Ipopt,https://github.com/coin-or/Ipopt,1790,318,2026-08-27T14:02:53Z
OHDSI/PatientLevelPrediction,https://github.com/OHDSI/PatientLevelPrediction,222,96,2026-09-21T11:43:21Z
