project_wocid,Month,#Commits
aidenlab_straw,2016-07,5
aidenlab_straw,2016-08,4
aidenlab_straw,2016-09,0
aidenlab_straw,2016-10,26
aidenlab_straw,2016-11,7
aidenlab_straw,2016-12,1
aidenlab_straw,2017-01,0
aidenlab_straw,2017-02,6
aidenlab_straw,2017-03,0
aidenlab_straw,2017-04,0
aidenlab_straw,2017-05,0
aidenlab_straw,2017-06,16
aidenlab_straw,2017-07,6
aidenlab_straw,2017-08,0
aidenlab_straw,2017-09,0
aidenlab_straw,2017-10,3
aidenlab_straw,2017-11,0
aidenlab_straw,2017-12,0
aidenlab_straw,2018-01,0
aidenlab_straw,2018-02,0
aidenlab_straw,2018-03,0
aidenlab_straw,2018-04,0
aidenlab_straw,2018-05,0
aidenlab_straw,2018-06,1
aidenlab_straw,2018-07,0
aidenlab_straw,2018-08,4
aidenlab_straw,2018-09,3
aidenlab_straw,2018-10,1
aidenlab_straw,2018-11,1
aidenlab_straw,2018-12,0
aidenlab_straw,2019-01,11
aidenlab_straw,2019-02,3
aidenlab_straw,2019-03,3
aidenlab_straw,2019-04,2
aidenlab_straw,2019-05,2
aidenlab_straw,2019-06,0
aidenlab_straw,2019-07,2
aidenlab_straw,2019-08,5
aidenlab_straw,2019-09,4
aidenlab_straw,2019-10,9
aidenlab_straw,2019-11,0
aidenlab_straw,2019-12,0
aidenlab_straw,2020-01,18
aidenlab_straw,2020-02,2
aidenlab_straw,2020-03,0
aidenlab_straw,2020-04,6
aidenlab_straw,2020-05,0
aidenlab_straw,2020-06,3
aidenlab_straw,2020-07,3
aidenlab_straw,2020-08,1
aidenlab_straw,2020-09,3
aidenlab_straw,2020-10,8
aidenlab_straw,2020-11,0
aidenlab_straw,2020-12,7
aidenlab_straw,2021-01,0
aidenlab_straw,2021-02,2
aidenlab_straw,2021-03,6
aidenlab_straw,2021-04,30
aidenlab_straw,2021-05,25
aidenlab_straw,2021-06,33
aidenlab_straw,2021-07,10
aidenlab_straw,2021-08,4
aidenlab_straw,2021-09,6
aidenlab_straw,2021-10,1
aidenlab_straw,2021-11,5
aidenlab_straw,2021-12,4
aidenlab_straw,2022-01,31
aidenlab_straw,2022-02,56
aidenlab_straw,2022-03,14
aidenlab_straw,2022-04,2
aidenlab_straw,2022-05,3
aidenlab_straw,2022-06,0
aidenlab_straw,2022-07,4
aidenlab_straw,2022-08,2
aidenlab_straw,2022-09,0
aidenlab_straw,2022-10,0
aidenlab_straw,2022-11,0
aidenlab_straw,2022-12,0
aidenlab_straw,2023-01,0
aidenlab_straw,2023-02,0
aidenlab_straw,2023-03,0
aidenlab_straw,2023-04,0
aidenlab_straw,2023-05,0
aidenlab_straw,2023-06,0
aidenlab_straw,2023-07,0
aidenlab_straw,2023-08,7
aidenlab_straw,2023-09,0
aidenlab_straw,2023-10,0
aidenlab_straw,2023-11,0
aidenlab_straw,2023-12,0
aidenlab_straw,2024-01,1
aidenlab_straw,2024-02,2
aidenlab_straw,2024-03,2
aidenlab_straw,2024-04,0
aidenlab_straw,2024-05,0
aidenlab_straw,2024-06,0
aidenlab_straw,2024-07,0
aidenlab_straw,2024-08,0
aidenlab_straw,2024-09,0
aidenlab_straw,2024-10,0
aidenlab_straw,2024-11,0
aidenlab_straw,2024-12,0
aidenlab_straw,2025-01,0
aidenlab_straw,2025-02,0
aidenlab_straw,2025-03,0
aidenlab_straw,2025-04,25
aidenlab_straw,2025-05,0
aidenlab_straw,2025-06,2
coin-or_ipopt,2004-10,11
coin-or_ipopt,2004-11,200
coin-or_ipopt,2004-12,4
coin-or_ipopt,2005-01,128
coin-or_ipopt,2005-02,48
coin-or_ipopt,2005-03,104
coin-or_ipopt,2005-04,28
coin-or_ipopt,2005-05,80
coin-or_ipopt,2005-06,122
coin-or_ipopt,2005-07,52
coin-or_ipopt,2005-08,100
coin-or_ipopt,2005-09,15
coin-or_ipopt,2005-10,30
coin-or_ipopt,2005-11,43
coin-or_ipopt,2005-12,13
coin-or_ipopt,2006-01,15
coin-or_ipopt,2006-02,26
coin-or_ipopt,2006-03,39
coin-or_ipopt,2006-04,48
coin-or_ipopt,2006-05,0
coin-or_ipopt,2006-06,21
coin-or_ipopt,2006-07,33
coin-or_ipopt,2006-08,6
coin-or_ipopt,2006-09,3
coin-or_ipopt,2006-10,21
coin-or_ipopt,2006-11,10
coin-or_ipopt,2006-12,18
coin-or_ipopt,2007-01,4
coin-or_ipopt,2007-02,13
coin-or_ipopt,2007-03,56
coin-or_ipopt,2007-04,24
coin-or_ipopt,2007-05,38
coin-or_ipopt,2007-06,82
coin-or_ipopt,2007-07,46
coin-or_ipopt,2007-08,46
coin-or_ipopt,2007-09,25
coin-or_ipopt,2007-10,30
coin-or_ipopt,2007-11,8
coin-or_ipopt,2007-12,45
coin-or_ipopt,2008-01,8
coin-or_ipopt,2008-02,61
coin-or_ipopt,2008-03,56
coin-or_ipopt,2008-04,45
coin-or_ipopt,2008-05,35
coin-or_ipopt,2008-06,10
coin-or_ipopt,2008-07,20
coin-or_ipopt,2008-08,70
coin-or_ipopt,2008-09,99
coin-or_ipopt,2008-10,12
coin-or_ipopt,2008-11,0
coin-or_ipopt,2008-12,4
coin-or_ipopt,2009-01,49
coin-or_ipopt,2009-02,26
coin-or_ipopt,2009-03,22
coin-or_ipopt,2009-04,33
coin-or_ipopt,2009-05,31
coin-or_ipopt,2009-06,38
coin-or_ipopt,2009-07,86
coin-or_ipopt,2009-08,62
coin-or_ipopt,2009-09,6
coin-or_ipopt,2009-10,77
coin-or_ipopt,2009-11,31
coin-or_ipopt,2009-12,11
coin-or_ipopt,2010-01,8
coin-or_ipopt,2010-02,16
coin-or_ipopt,2010-03,4
coin-or_ipopt,2010-04,27
coin-or_ipopt,2010-05,27
coin-or_ipopt,2010-06,36
coin-or_ipopt,2010-07,42
coin-or_ipopt,2010-08,42
coin-or_ipopt,2010-09,56
coin-or_ipopt,2010-10,26
coin-or_ipopt,2010-11,92
coin-or_ipopt,2010-12,65
coin-or_ipopt,2011-01,38
coin-or_ipopt,2011-02,46
coin-or_ipopt,2011-03,72
coin-or_ipopt,2011-04,73
coin-or_ipopt,2011-05,12
coin-or_ipopt,2011-06,66
coin-or_ipopt,2011-07,13
coin-or_ipopt,2011-08,8
coin-or_ipopt,2011-09,19
coin-or_ipopt,2011-10,4
coin-or_ipopt,2011-11,6
coin-or_ipopt,2011-12,2
coin-or_ipopt,2012-01,14
coin-or_ipopt,2012-02,59
coin-or_ipopt,2012-03,8
coin-or_ipopt,2012-04,4
coin-or_ipopt,2012-05,0
coin-or_ipopt,2012-06,8
coin-or_ipopt,2012-07,0
coin-or_ipopt,2012-08,6
coin-or_ipopt,2012-09,4
coin-or_ipopt,2012-10,4
coin-or_ipopt,2012-11,61
coin-or_ipopt,2012-12,30
coin-or_ipopt,2013-01,7
coin-or_ipopt,2013-02,0
coin-or_ipopt,2013-03,46
coin-or_ipopt,2013-04,126
coin-or_ipopt,2013-05,112
coin-or_ipopt,2013-06,55
coin-or_ipopt,2013-07,23
coin-or_ipopt,2013-08,11
coin-or_ipopt,2013-09,49
coin-or_ipopt,2013-10,29
coin-or_ipopt,2013-11,63
coin-or_ipopt,2013-12,27
coin-or_ipopt,2014-01,2
coin-or_ipopt,2014-02,10
coin-or_ipopt,2014-03,8
coin-or_ipopt,2014-04,25
coin-or_ipopt,2014-05,18
coin-or_ipopt,2014-06,0
coin-or_ipopt,2014-07,6
coin-or_ipopt,2014-08,17
coin-or_ipopt,2014-09,2
coin-or_ipopt,2014-10,0
coin-or_ipopt,2014-11,4
coin-or_ipopt,2014-12,2376
coin-or_ipopt,2015-01,87
coin-or_ipopt,2015-02,28
coin-or_ipopt,2015-03,13
coin-or_ipopt,2015-04,51
coin-or_ipopt,2015-05,8
coin-or_ipopt,2015-06,9
coin-or_ipopt,2015-07,21
coin-or_ipopt,2015-08,38
coin-or_ipopt,2015-09,0
coin-or_ipopt,2015-10,12
coin-or_ipopt,2015-11,18
coin-or_ipopt,2015-12,0
coin-or_ipopt,2016-01,15
coin-or_ipopt,2016-02,90
coin-or_ipopt,2016-03,0
coin-or_ipopt,2016-04,14
coin-or_ipopt,2016-05,12
coin-or_ipopt,2016-06,3
coin-or_ipopt,2016-07,25
coin-or_ipopt,2016-08,0
coin-or_ipopt,2016-09,0
coin-or_ipopt,2016-10,0
coin-or_ipopt,2016-11,3
coin-or_ipopt,2016-12,9
coin-or_ipopt,2017-01,0
coin-or_ipopt,2017-02,26
coin-or_ipopt,2017-03,0
coin-or_ipopt,2017-04,3
coin-or_ipopt,2017-05,6
coin-or_ipopt,2017-06,32
coin-or_ipopt,2017-07,0
coin-or_ipopt,2017-08,0
coin-or_ipopt,2017-09,0
coin-or_ipopt,2017-10,0
coin-or_ipopt,2017-11,5
coin-or_ipopt,2017-12,0
coin-or_ipopt,2018-01,23
coin-or_ipopt,2018-02,6
coin-or_ipopt,2018-03,3
coin-or_ipopt,2018-04,0
coin-or_ipopt,2018-05,3
coin-or_ipopt,2018-06,28
coin-or_ipopt,2018-07,0
coin-or_ipopt,2018-08,0
coin-or_ipopt,2018-09,65
coin-or_ipopt,2018-10,18
coin-or_ipopt,2018-11,29
coin-or_ipopt,2018-12,0
coin-or_ipopt,2019-01,4
coin-or_ipopt,2019-02,4
coin-or_ipopt,2019-03,5
coin-or_ipopt,2019-04,68
coin-or_ipopt,2019-05,1
coin-or_ipopt,2019-06,1
coin-or_ipopt,2019-07,2
coin-or_ipopt,2019-08,80
coin-or_ipopt,2019-09,74
coin-or_ipopt,2019-10,7
coin-or_ipopt,2019-11,0
coin-or_ipopt,2019-12,5
coin-or_ipopt,2020-01,11
coin-or_ipopt,2020-02,3
coin-or_ipopt,2020-03,35
coin-or_ipopt,2020-04,22
coin-or_ipopt,2020-05,6
coin-or_ipopt,2020-06,7
coin-or_ipopt,2020-07,2
coin-or_ipopt,2020-08,14
coin-or_ipopt,2020-09,2
coin-or_ipopt,2020-10,11
coin-or_ipopt,2020-11,50
coin-or_ipopt,2020-12,2
coin-or_ipopt,2021-01,1
coin-or_ipopt,2021-02,37
coin-or_ipopt,2021-03,66
coin-or_ipopt,2021-04,98
coin-or_ipopt,2021-05,114
coin-or_ipopt,2021-06,43
coin-or_ipopt,2021-07,25
coin-or_ipopt,2021-08,3
coin-or_ipopt,2021-09,15
coin-or_ipopt,2021-10,1
coin-or_ipopt,2021-11,0
coin-or_ipopt,2021-12,1
coin-or_ipopt,2022-01,0
coin-or_ipopt,2022-02,5
coin-or_ipopt,2022-03,3
coin-or_ipopt,2022-04,5
coin-or_ipopt,2022-05,6
coin-or_ipopt,2022-06,11
coin-or_ipopt,2022-07,9
coin-or_ipopt,2022-08,9
coin-or_ipopt,2022-09,1
coin-or_ipopt,2022-10,6
coin-or_ipopt,2022-11,3
coin-or_ipopt,2022-12,0
coin-or_ipopt,2023-01,3
coin-or_ipopt,2023-02,17
coin-or_ipopt,2023-03,6
coin-or_ipopt,2023-04,11
coin-or_ipopt,2023-05,1
coin-or_ipopt,2023-06,12
coin-or_ipopt,2023-07,0
coin-or_ipopt,2023-08,3
coin-or_ipopt,2023-09,4
coin-or_ipopt,2023-10,4
coin-or_ipopt,2023-11,15
coin-or_ipopt,2023-12,2
coin-or_ipopt,2024-01,14
coin-or_ipopt,2024-02,0
coin-or_ipopt,2024-03,4
coin-or_ipopt,2024-04,10
coin-or_ipopt,2024-05,0
coin-or_ipopt,2024-06,18
coin-or_ipopt,2024-07,14
coin-or_ipopt,2024-08,0
coin-or_ipopt,2024-09,1
coin-or_ipopt,2024-10,0
coin-or_ipopt,2024-11,10
coin-or_ipopt,2024-12,29
coin-or_ipopt,2025-01,0
coin-or_ipopt,2025-02,2
coin-or_ipopt,2025-03,1
coin-or_ipopt,2025-04,8
coin-or_ipopt,2025-05,3
coin-or_ipopt,2025-06,0
coin-or_ipopt,2025-07,19
coin-or_ipopt,2025-08,6
coin-or_ipopt,2025-09,6
coin-or_ipopt,2025-10,14
coin-or_ipopt,2025-11,6
coin-or_ipopt,2025-12,0
coin-or_ipopt,2026-01,0
coin-or_ipopt,2026-02,1
coin-or_ipopt,2026-03,8
corybrunson_ggalluvial,2016-05,10
corybrunson_ggalluvial,2016-06,9
corybrunson_ggalluvial,2016-07,9
corybrunson_ggalluvial,2016-08,0
corybrunson_ggalluvial,2016-09,0
corybrunson_ggalluvial,2016-10,0
corybrunson_ggalluvial,2016-11,0
corybrunson_ggalluvial,2016-12,7
corybrunson_ggalluvial,2017-01,22
corybrunson_ggalluvial,2017-02,6
corybrunson_ggalluvial,2017-03,42
corybrunson_ggalluvial,2017-04,70
corybrunson_ggalluvial,2017-05,31
corybrunson_ggalluvial,2017-06,0
corybrunson_ggalluvial,2017-07,9
corybrunson_ggalluvial,2017-08,0
corybrunson_ggalluvial,2017-09,4
corybrunson_ggalluvial,2017-10,8
corybrunson_ggalluvial,2017-11,61
corybrunson_ggalluvial,2017-12,28
corybrunson_ggalluvial,2018-01,55
corybrunson_ggalluvial,2018-02,17
corybrunson_ggalluvial,2018-03,0
corybrunson_ggalluvial,2018-04,0
corybrunson_ggalluvial,2018-05,15
corybrunson_ggalluvial,2018-06,18
corybrunson_ggalluvial,2018-07,10
corybrunson_ggalluvial,2018-08,0
corybrunson_ggalluvial,2018-09,2
corybrunson_ggalluvial,2018-10,16
corybrunson_ggalluvial,2018-11,0
corybrunson_ggalluvial,2018-12,0
corybrunson_ggalluvial,2019-01,5
corybrunson_ggalluvial,2019-02,0
corybrunson_ggalluvial,2019-03,0
corybrunson_ggalluvial,2019-04,1
corybrunson_ggalluvial,2019-05,0
corybrunson_ggalluvial,2019-06,0
corybrunson_ggalluvial,2019-07,5
corybrunson_ggalluvial,2019-08,9
corybrunson_ggalluvial,2019-09,19
corybrunson_ggalluvial,2019-10,2
corybrunson_ggalluvial,2019-11,25
corybrunson_ggalluvial,2019-12,38
corybrunson_ggalluvial,2020-01,20
corybrunson_ggalluvial,2020-02,11
corybrunson_ggalluvial,2020-03,34
corybrunson_ggalluvial,2020-04,58
corybrunson_ggalluvial,2020-05,7
corybrunson_ggalluvial,2020-06,0
corybrunson_ggalluvial,2020-07,22
corybrunson_ggalluvial,2020-08,7
corybrunson_ggalluvial,2020-09,0
corybrunson_ggalluvial,2020-10,1
corybrunson_ggalluvial,2020-11,11
corybrunson_ggalluvial,2020-12,15
corybrunson_ggalluvial,2021-01,11
corybrunson_ggalluvial,2021-02,4
corybrunson_ggalluvial,2021-03,1
corybrunson_ggalluvial,2021-04,22
corybrunson_ggalluvial,2021-05,0
corybrunson_ggalluvial,2021-06,15
corybrunson_ggalluvial,2021-07,0
corybrunson_ggalluvial,2021-08,12
corybrunson_ggalluvial,2021-09,1
corybrunson_ggalluvial,2021-10,2
corybrunson_ggalluvial,2021-11,2
corybrunson_ggalluvial,2021-12,0
corybrunson_ggalluvial,2022-01,3
corybrunson_ggalluvial,2022-02,0
corybrunson_ggalluvial,2022-03,0
corybrunson_ggalluvial,2022-04,0
corybrunson_ggalluvial,2022-05,0
corybrunson_ggalluvial,2022-06,0
corybrunson_ggalluvial,2022-07,0
corybrunson_ggalluvial,2022-08,3
corybrunson_ggalluvial,2022-09,0
corybrunson_ggalluvial,2022-10,7
corybrunson_ggalluvial,2022-11,0
corybrunson_ggalluvial,2022-12,0
corybrunson_ggalluvial,2023-01,1
corybrunson_ggalluvial,2023-02,11
corybrunson_ggalluvial,2023-03,0
corybrunson_ggalluvial,2023-04,0
corybrunson_ggalluvial,2023-05,0
corybrunson_ggalluvial,2023-06,0
corybrunson_ggalluvial,2023-07,6
corybrunson_ggalluvial,2023-08,0
corybrunson_ggalluvial,2023-09,0
corybrunson_ggalluvial,2023-10,0
corybrunson_ggalluvial,2023-11,0
corybrunson_ggalluvial,2023-12,0
corybrunson_ggalluvial,2024-01,0
corybrunson_ggalluvial,2024-02,0
corybrunson_ggalluvial,2024-03,0
corybrunson_ggalluvial,2024-04,0
corybrunson_ggalluvial,2024-05,0
corybrunson_ggalluvial,2024-06,3
corybrunson_ggalluvial,2024-07,0
corybrunson_ggalluvial,2024-08,2
corybrunson_ggalluvial,2024-09,0
corybrunson_ggalluvial,2024-10,0
corybrunson_ggalluvial,2024-11,0
corybrunson_ggalluvial,2024-12,1
corybrunson_ggalluvial,2025-01,0
corybrunson_ggalluvial,2025-02,0
corybrunson_ggalluvial,2025-03,0
corybrunson_ggalluvial,2025-04,0
corybrunson_ggalluvial,2025-05,0
corybrunson_ggalluvial,2025-06,1
corybrunson_ggalluvial,2025-07,1
corybrunson_ggalluvial,2025-08,0
corybrunson_ggalluvial,2025-09,2
corybrunson_ggalluvial,2025-10,0
corybrunson_ggalluvial,2025-11,0
corybrunson_ggalluvial,2025-12,0
corybrunson_ggalluvial,2026-01,5
corybrunson_ggalluvial,2026-02,6
corybrunson_ggalluvial,2026-03,1
corybrunson_ggalluvial,2026-04,2
google-research_torchsde,2020-07,31
google-research_torchsde,2020-08,176
google-research_torchsde,2020-09,106
google-research_torchsde,2020-10,123
google-research_torchsde,2020-11,8
google-research_torchsde,2020-12,27
google-research_torchsde,2021-01,44
google-research_torchsde,2021-02,10
google-research_torchsde,2021-03,2
google-research_torchsde,2021-04,13
google-research_torchsde,2021-05,23
google-research_torchsde,2021-06,3
google-research_torchsde,2021-07,15
google-research_torchsde,2021-08,0
google-research_torchsde,2021-09,0
google-research_torchsde,2021-10,0
google-research_torchsde,2021-11,0
google-research_torchsde,2021-12,0
google-research_torchsde,2022-01,0
google-research_torchsde,2022-02,0
google-research_torchsde,2022-03,0
google-research_torchsde,2022-04,0
google-research_torchsde,2022-05,0
google-research_torchsde,2022-06,0
google-research_torchsde,2022-07,0
google-research_torchsde,2022-08,0
google-research_torchsde,2022-09,0
google-research_torchsde,2022-10,0
google-research_torchsde,2022-11,0
google-research_torchsde,2022-12,0
google-research_torchsde,2023-01,0
google-research_torchsde,2023-02,0
google-research_torchsde,2023-03,0
google-research_torchsde,2023-04,0
google-research_torchsde,2023-05,0
google-research_torchsde,2023-06,0
google-research_torchsde,2023-07,4
google-research_torchsde,2023-08,5
google-research_torchsde,2023-09,14
google-research_torchsde,2023-10,0
google-research_torchsde,2023-11,0
google-research_torchsde,2023-12,0
google-research_torchsde,2024-01,0
google-research_torchsde,2024-02,0
google-research_torchsde,2024-03,0
google-research_torchsde,2024-04,0
google-research_torchsde,2024-05,3
google-research_torchsde,2024-06,0
google-research_torchsde,2024-07,0
google-research_torchsde,2024-08,0
google-research_torchsde,2024-09,0
google-research_torchsde,2024-10,0
google-research_torchsde,2024-11,0
google-research_torchsde,2024-12,7
google-research_torchsde,2025-01,1
maximecb_gym-minigrid,2017-12,38
maximecb_gym-minigrid,2018-01,59
maximecb_gym-minigrid,2018-02,12
maximecb_gym-minigrid,2018-03,35
maximecb_gym-minigrid,2018-04,40
maximecb_gym-minigrid,2018-05,16
maximecb_gym-minigrid,2018-06,6
maximecb_gym-minigrid,2018-07,3
maximecb_gym-minigrid,2018-08,6
maximecb_gym-minigrid,2018-09,22
maximecb_gym-minigrid,2018-10,23
maximecb_gym-minigrid,2018-11,17
maximecb_gym-minigrid,2018-12,11
maximecb_gym-minigrid,2019-01,8
maximecb_gym-minigrid,2019-02,9
maximecb_gym-minigrid,2019-03,66
maximecb_gym-minigrid,2019-04,16
maximecb_gym-minigrid,2019-05,14
maximecb_gym-minigrid,2019-06,8
maximecb_gym-minigrid,2019-07,3
maximecb_gym-minigrid,2019-08,1
maximecb_gym-minigrid,2019-09,4
maximecb_gym-minigrid,2019-10,42
maximecb_gym-minigrid,2019-11,49
maximecb_gym-minigrid,2019-12,36
maximecb_gym-minigrid,2020-01,4
maximecb_gym-minigrid,2020-02,3
maximecb_gym-minigrid,2020-03,8
maximecb_gym-minigrid,2020-04,11
maximecb_gym-minigrid,2020-05,8
maximecb_gym-minigrid,2020-06,12
maximecb_gym-minigrid,2020-07,4
maximecb_gym-minigrid,2020-08,2
maximecb_gym-minigrid,2020-09,0
maximecb_gym-minigrid,2020-10,6
maximecb_gym-minigrid,2020-11,8
maximecb_gym-minigrid,2020-12,7
maximecb_gym-minigrid,2021-01,10
maximecb_gym-minigrid,2021-02,3
maximecb_gym-minigrid,2021-03,0
maximecb_gym-minigrid,2021-04,3
maximecb_gym-minigrid,2021-05,0
maximecb_gym-minigrid,2021-06,6
maximecb_gym-minigrid,2021-07,18
maximecb_gym-minigrid,2021-08,11
maximecb_gym-minigrid,2021-09,2
maximecb_gym-minigrid,2021-10,13
maximecb_gym-minigrid,2021-11,2
maximecb_gym-minigrid,2021-12,15
maximecb_gym-minigrid,2022-01,0
maximecb_gym-minigrid,2022-02,1
maximecb_gym-minigrid,2022-03,10
maximecb_gym-minigrid,2022-04,8
maximecb_gym-minigrid,2022-05,8
maximecb_gym-minigrid,2022-06,12
maximecb_gym-minigrid,2022-07,75
maximecb_gym-minigrid,2022-08,112
maximecb_gym-minigrid,2022-09,123
maximecb_gym-minigrid,2022-10,216
maximecb_gym-minigrid,2022-11,58
maximecb_gym-minigrid,2022-12,15
maximecb_gym-minigrid,2023-01,89
maximecb_gym-minigrid,2023-02,65
maximecb_gym-minigrid,2023-03,100
maximecb_gym-minigrid,2023-04,32
maximecb_gym-minigrid,2023-05,116
maximecb_gym-minigrid,2023-06,37
maximecb_gym-minigrid,2023-07,118
maximecb_gym-minigrid,2023-08,29
maximecb_gym-minigrid,2023-09,10
maximecb_gym-minigrid,2023-10,7
maximecb_gym-minigrid,2023-11,4
maximecb_gym-minigrid,2023-12,0
maximecb_gym-minigrid,2024-01,19
maximecb_gym-minigrid,2024-02,9
maximecb_gym-minigrid,2024-03,2
maximecb_gym-minigrid,2024-04,10
maximecb_gym-minigrid,2024-05,4
maximecb_gym-minigrid,2024-06,21
maximecb_gym-minigrid,2024-07,10
maximecb_gym-minigrid,2024-08,7
maximecb_gym-minigrid,2024-09,1
maximecb_gym-minigrid,2024-10,17
maximecb_gym-minigrid,2024-11,11
maximecb_gym-minigrid,2024-12,2
maximecb_gym-minigrid,2025-01,35
maximecb_gym-minigrid,2025-02,3
maximecb_gym-minigrid,2025-03,0
maximecb_gym-minigrid,2025-04,0
maximecb_gym-minigrid,2025-05,0
maximecb_gym-minigrid,2025-06,3
maximecb_gym-minigrid,2025-07,0
maximecb_gym-minigrid,2025-08,10
maximecb_gym-minigrid,2025-09,2
maximecb_gym-minigrid,2025-10,4
ohdsi_patientlevelprediction,2015-03,11
ohdsi_patientlevelprediction,2015-04,2
ohdsi_patientlevelprediction,2015-05,4
ohdsi_patientlevelprediction,2015-06,1
ohdsi_patientlevelprediction,2015-07,25
ohdsi_patientlevelprediction,2015-08,7
ohdsi_patientlevelprediction,2015-09,20
ohdsi_patientlevelprediction,2015-10,23
ohdsi_patientlevelprediction,2015-11,35
ohdsi_patientlevelprediction,2015-12,6
ohdsi_patientlevelprediction,2016-01,14
ohdsi_patientlevelprediction,2016-02,28
ohdsi_patientlevelprediction,2016-03,1
ohdsi_patientlevelprediction,2016-04,6
ohdsi_patientlevelprediction,2016-05,1
ohdsi_patientlevelprediction,2016-06,10
ohdsi_patientlevelprediction,2016-07,31
ohdsi_patientlevelprediction,2016-08,14
ohdsi_patientlevelprediction,2016-09,21
ohdsi_patientlevelprediction,2016-10,1
ohdsi_patientlevelprediction,2016-11,7
ohdsi_patientlevelprediction,2016-12,6
ohdsi_patientlevelprediction,2017-01,24
ohdsi_patientlevelprediction,2017-02,3
ohdsi_patientlevelprediction,2017-03,22
ohdsi_patientlevelprediction,2017-04,34
ohdsi_patientlevelprediction,2017-05,35
ohdsi_patientlevelprediction,2017-06,11
ohdsi_patientlevelprediction,2017-07,18
ohdsi_patientlevelprediction,2017-08,18
ohdsi_patientlevelprediction,2017-09,29
ohdsi_patientlevelprediction,2017-10,24
ohdsi_patientlevelprediction,2017-11,20
ohdsi_patientlevelprediction,2017-12,13
ohdsi_patientlevelprediction,2018-01,17
ohdsi_patientlevelprediction,2018-02,3
ohdsi_patientlevelprediction,2018-03,5
ohdsi_patientlevelprediction,2018-04,22
ohdsi_patientlevelprediction,2018-05,38
ohdsi_patientlevelprediction,2018-06,22
ohdsi_patientlevelprediction,2018-07,28
ohdsi_patientlevelprediction,2018-08,26
ohdsi_patientlevelprediction,2018-09,38
ohdsi_patientlevelprediction,2018-10,30
ohdsi_patientlevelprediction,2018-11,2
ohdsi_patientlevelprediction,2018-12,8
ohdsi_patientlevelprediction,2019-01,8
ohdsi_patientlevelprediction,2019-02,14
ohdsi_patientlevelprediction,2019-03,6
ohdsi_patientlevelprediction,2019-04,9
ohdsi_patientlevelprediction,2019-05,13
ohdsi_patientlevelprediction,2019-06,3
ohdsi_patientlevelprediction,2019-07,1
ohdsi_patientlevelprediction,2019-08,5
ohdsi_patientlevelprediction,2019-09,0
ohdsi_patientlevelprediction,2019-10,3
ohdsi_patientlevelprediction,2019-11,10
ohdsi_patientlevelprediction,2019-12,0
ohdsi_patientlevelprediction,2020-01,4
ohdsi_patientlevelprediction,2020-02,13
ohdsi_patientlevelprediction,2020-03,35
ohdsi_patientlevelprediction,2020-04,8
ohdsi_patientlevelprediction,2020-05,26
ohdsi_patientlevelprediction,2020-06,19
ohdsi_patientlevelprediction,2020-07,11
ohdsi_patientlevelprediction,2020-08,13
ohdsi_patientlevelprediction,2020-09,6
ohdsi_patientlevelprediction,2020-10,32
ohdsi_patientlevelprediction,2020-11,9
ohdsi_patientlevelprediction,2020-12,1
ohdsi_patientlevelprediction,2021-01,19
ohdsi_patientlevelprediction,2021-02,19
ohdsi_patientlevelprediction,2021-03,29
ohdsi_patientlevelprediction,2021-04,9
ohdsi_patientlevelprediction,2021-05,8
ohdsi_patientlevelprediction,2021-06,8
ohdsi_patientlevelprediction,2021-07,27
ohdsi_patientlevelprediction,2021-08,11
ohdsi_patientlevelprediction,2021-09,13
ohdsi_patientlevelprediction,2021-10,5
ohdsi_patientlevelprediction,2021-11,11
ohdsi_patientlevelprediction,2021-12,27
ohdsi_patientlevelprediction,2022-01,14
ohdsi_patientlevelprediction,2022-02,45
ohdsi_patientlevelprediction,2022-03,26
ohdsi_patientlevelprediction,2022-04,3
ohdsi_patientlevelprediction,2022-05,12
ohdsi_patientlevelprediction,2022-06,9
ohdsi_patientlevelprediction,2022-07,12
ohdsi_patientlevelprediction,2022-08,85
ohdsi_patientlevelprediction,2022-09,70
ohdsi_patientlevelprediction,2022-10,25
ohdsi_patientlevelprediction,2022-11,7
ohdsi_patientlevelprediction,2022-12,12
ohdsi_patientlevelprediction,2023-01,71
ohdsi_patientlevelprediction,2023-02,55
ohdsi_patientlevelprediction,2023-03,30
ohdsi_patientlevelprediction,2023-04,23
ohdsi_patientlevelprediction,2023-05,8
ohdsi_patientlevelprediction,2023-06,24
ohdsi_patientlevelprediction,2023-07,2
ohdsi_patientlevelprediction,2023-08,30
ohdsi_patientlevelprediction,2023-09,5
ohdsi_patientlevelprediction,2023-10,22
ohdsi_patientlevelprediction,2023-11,0
ohdsi_patientlevelprediction,2023-12,19
ohdsi_patientlevelprediction,2024-01,6
ohdsi_patientlevelprediction,2024-02,6
ohdsi_patientlevelprediction,2024-03,25
ohdsi_patientlevelprediction,2024-04,82
ohdsi_patientlevelprediction,2024-05,28
ohdsi_patientlevelprediction,2024-06,14
ohdsi_patientlevelprediction,2024-07,17
ohdsi_patientlevelprediction,2024-08,17
ohdsi_patientlevelprediction,2024-09,3
ohdsi_patientlevelprediction,2024-10,67
ohdsi_patientlevelprediction,2024-11,35
ohdsi_patientlevelprediction,2024-12,70
ohdsi_patientlevelprediction,2025-01,146
ohdsi_patientlevelprediction,2025-02,71
ohdsi_patientlevelprediction,2025-03,32
ohdsi_patientlevelprediction,2025-04,104
ohdsi_patientlevelprediction,2025-05,6
ohdsi_patientlevelprediction,2025-06,17
ohdsi_patientlevelprediction,2025-07,20
ohdsi_patientlevelprediction,2025-08,17
ohdsi_patientlevelprediction,2025-09,9
ohdsi_patientlevelprediction,2025-10,79
seung-lab_cloud-volume,2017-07,13
seung-lab_cloud-volume,2017-08,36
seung-lab_cloud-volume,2017-09,75
seung-lab_cloud-volume,2017-10,60
seung-lab_cloud-volume,2017-11,31
seung-lab_cloud-volume,2017-12,24
seung-lab_cloud-volume,2018-01,41
seung-lab_cloud-volume,2018-02,24
seung-lab_cloud-volume,2018-03,28
seung-lab_cloud-volume,2018-04,80
seung-lab_cloud-volume,2018-05,44
seung-lab_cloud-volume,2018-06,34
seung-lab_cloud-volume,2018-07,45
seung-lab_cloud-volume,2018-08,63
seung-lab_cloud-volume,2018-09,29
seung-lab_cloud-volume,2018-10,51
seung-lab_cloud-volume,2018-11,108
seung-lab_cloud-volume,2018-12,73
seung-lab_cloud-volume,2019-01,91
seung-lab_cloud-volume,2019-02,72
seung-lab_cloud-volume,2019-03,23
seung-lab_cloud-volume,2019-04,36
seung-lab_cloud-volume,2019-05,11
seung-lab_cloud-volume,2019-06,126
seung-lab_cloud-volume,2019-07,144
seung-lab_cloud-volume,2019-08,152
seung-lab_cloud-volume,2019-09,21
seung-lab_cloud-volume,2019-10,83
seung-lab_cloud-volume,2019-11,35
seung-lab_cloud-volume,2019-12,79
seung-lab_cloud-volume,2020-01,25
seung-lab_cloud-volume,2020-02,1
seung-lab_cloud-volume,2020-03,49
seung-lab_cloud-volume,2020-04,106
seung-lab_cloud-volume,2020-05,82
seung-lab_cloud-volume,2020-06,39
seung-lab_cloud-volume,2020-07,58
seung-lab_cloud-volume,2020-08,46
seung-lab_cloud-volume,2020-09,50
seung-lab_cloud-volume,2020-10,35
seung-lab_cloud-volume,2020-11,29
seung-lab_cloud-volume,2020-12,10
seung-lab_cloud-volume,2021-01,12
seung-lab_cloud-volume,2021-02,33
seung-lab_cloud-volume,2021-03,10
seung-lab_cloud-volume,2021-04,53
seung-lab_cloud-volume,2021-05,32
seung-lab_cloud-volume,2021-06,37
seung-lab_cloud-volume,2021-07,31
seung-lab_cloud-volume,2021-08,8
seung-lab_cloud-volume,2021-09,0
seung-lab_cloud-volume,2021-10,41
seung-lab_cloud-volume,2021-11,29
seung-lab_cloud-volume,2021-12,16
seung-lab_cloud-volume,2022-01,38
seung-lab_cloud-volume,2022-02,49
seung-lab_cloud-volume,2022-03,6
seung-lab_cloud-volume,2022-04,10
seung-lab_cloud-volume,2022-05,20
seung-lab_cloud-volume,2022-06,0
seung-lab_cloud-volume,2022-07,16
seung-lab_cloud-volume,2022-08,15
seung-lab_cloud-volume,2022-09,20
seung-lab_cloud-volume,2022-10,15
seung-lab_cloud-volume,2022-11,44
seung-lab_cloud-volume,2022-12,8
seung-lab_cloud-volume,2023-01,12
seung-lab_cloud-volume,2023-02,4
seung-lab_cloud-volume,2023-03,12
seung-lab_cloud-volume,2023-04,1
seung-lab_cloud-volume,2023-05,34
seung-lab_cloud-volume,2023-06,14
seung-lab_cloud-volume,2023-07,14
seung-lab_cloud-volume,2023-08,8
seung-lab_cloud-volume,2023-09,4
seung-lab_cloud-volume,2023-10,2
seung-lab_cloud-volume,2023-11,2
seung-lab_cloud-volume,2023-12,4
seung-lab_cloud-volume,2024-01,5
seung-lab_cloud-volume,2024-02,7
seung-lab_cloud-volume,2024-03,25
seung-lab_cloud-volume,2024-04,7
seung-lab_cloud-volume,2024-05,7
seung-lab_cloud-volume,2024-06,48
seung-lab_cloud-volume,2024-07,119
seung-lab_cloud-volume,2024-08,20
seung-lab_cloud-volume,2024-09,31
seung-lab_cloud-volume,2024-10,15
seung-lab_cloud-volume,2024-11,5
seung-lab_cloud-volume,2024-12,36
seung-lab_cloud-volume,2025-01,10
seung-lab_cloud-volume,2025-02,17
seung-lab_cloud-volume,2025-03,7
seung-lab_cloud-volume,2025-04,15
seung-lab_cloud-volume,2025-05,60
seung-lab_cloud-volume,2025-06,35
seung-lab_cloud-volume,2025-07,20
seung-lab_cloud-volume,2025-08,3
seung-lab_cloud-volume,2025-09,50
seung-lab_cloud-volume,2025-10,29
snowleopard_alga,2016-12,54
snowleopard_alga,2017-01,22
snowleopard_alga,2017-02,22
snowleopard_alga,2017-03,106
snowleopard_alga,2017-04,12
snowleopard_alga,2017-05,2
snowleopard_alga,2017-06,0
snowleopard_alga,2017-07,29
snowleopard_alga,2017-08,0
snowleopard_alga,2017-09,0
snowleopard_alga,2017-10,6
snowleopard_alga,2017-11,23
snowleopard_alga,2017-12,34
snowleopard_alga,2018-01,34
snowleopard_alga,2018-02,16
snowleopard_alga,2018-03,5
snowleopard_alga,2018-04,31
snowleopard_alga,2018-05,26
snowleopard_alga,2018-06,71
snowleopard_alga,2018-07,94
snowleopard_alga,2018-08,80
snowleopard_alga,2018-09,87
snowleopard_alga,2018-10,155
snowleopard_alga,2018-11,96
snowleopard_alga,2018-12,5
snowleopard_alga,2019-01,25
snowleopard_alga,2019-02,35
snowleopard_alga,2019-03,19
snowleopard_alga,2019-04,68
snowleopard_alga,2019-05,55
snowleopard_alga,2019-06,127
snowleopard_alga,2019-07,87
snowleopard_alga,2019-08,120
snowleopard_alga,2019-09,36
snowleopard_alga,2019-10,37
snowleopard_alga,2019-11,17
snowleopard_alga,2019-12,21
snowleopard_alga,2020-01,99
snowleopard_alga,2020-02,30
snowleopard_alga,2020-03,4
snowleopard_alga,2020-04,0
snowleopard_alga,2020-05,11
snowleopard_alga,2020-06,0
snowleopard_alga,2020-07,0
snowleopard_alga,2020-08,2
snowleopard_alga,2020-09,0
snowleopard_alga,2020-10,0
snowleopard_alga,2020-11,2
snowleopard_alga,2020-12,10
snowleopard_alga,2021-01,2
snowleopard_alga,2021-02,1
snowleopard_alga,2021-03,3
snowleopard_alga,2021-04,0
snowleopard_alga,2021-05,0
snowleopard_alga,2021-06,7
snowleopard_alga,2021-07,4
snowleopard_alga,2021-08,10
snowleopard_alga,2021-09,28
snowleopard_alga,2021-10,0
snowleopard_alga,2021-11,0
snowleopard_alga,2021-12,5
snowleopard_alga,2022-01,8
snowleopard_alga,2022-02,0
snowleopard_alga,2022-03,0
snowleopard_alga,2022-04,0
snowleopard_alga,2022-05,0
snowleopard_alga,2022-06,31
snowleopard_alga,2022-07,1
snowleopard_alga,2022-08,4
snowleopard_alga,2022-09,0
snowleopard_alga,2022-10,2
snowleopard_alga,2022-11,0
snowleopard_alga,2022-12,0
snowleopard_alga,2023-01,0
snowleopard_alga,2023-02,0
snowleopard_alga,2023-03,18
snowleopard_alga,2023-04,5
snowleopard_alga,2023-05,0
snowleopard_alga,2023-06,0
snowleopard_alga,2023-07,0
snowleopard_alga,2023-08,0
snowleopard_alga,2023-09,0
snowleopard_alga,2023-10,0
snowleopard_alga,2023-11,7
snowleopard_alga,2023-12,0
snowleopard_alga,2024-01,0
snowleopard_alga,2024-02,2
snowleopard_alga,2024-03,0
snowleopard_alga,2024-04,0
snowleopard_alga,2024-05,18
snowleopard_alga,2024-06,4
snowleopard_alga,2024-07,0
snowleopard_alga,2024-08,0
snowleopard_alga,2024-09,0
snowleopard_alga,2024-10,0
snowleopard_alga,2024-11,0
snowleopard_alga,2024-12,0
snowleopard_alga,2025-01,1
snowleopard_alga,2025-02,0
snowleopard_alga,2025-03,0
snowleopard_alga,2025-04,0
snowleopard_alga,2025-05,5
snowleopard_alga,2025-06,0
snowleopard_alga,2025-07,7
snowleopard_alga,2025-08,9
stvir_pysot,2019-05,18
stvir_pysot,2019-06,21
stvir_pysot,2019-07,10
stvir_pysot,2019-08,2
stvir_pysot,2019-09,8
stvir_pysot,2019-10,1
stvir_pysot,2019-11,1
stvir_pysot,2019-12,5
stvir_pysot,2020-01,0
stvir_pysot,2020-02,0
stvir_pysot,2020-03,0
stvir_pysot,2020-04,0
stvir_pysot,2020-05,4
stvir_pysot,2020-06,2
stvir_pysot,2020-07,0
stvir_pysot,2020-08,0
stvir_pysot,2020-09,0
stvir_pysot,2020-10,1
stvir_pysot,2020-11,1
stvir_pysot,2020-12,1
stvir_pysot,2021-01,0
stvir_pysot,2021-02,2
stvir_pysot,2021-03,4
stvir_pysot,2021-04,0
stvir_pysot,2021-05,0
stvir_pysot,2021-06,0
stvir_pysot,2021-07,0
stvir_pysot,2021-08,0
stvir_pysot,2021-09,0
stvir_pysot,2021-10,0
stvir_pysot,2021-11,0
stvir_pysot,2021-12,0
stvir_pysot,2022-01,0
stvir_pysot,2022-02,0
stvir_pysot,2022-03,0
stvir_pysot,2022-04,0
stvir_pysot,2022-05,0
stvir_pysot,2022-06,0
stvir_pysot,2022-07,0
stvir_pysot,2022-08,0
stvir_pysot,2022-09,0
stvir_pysot,2022-10,0
stvir_pysot,2022-11,0
stvir_pysot,2022-12,0
stvir_pysot,2023-01,0
stvir_pysot,2023-02,0
stvir_pysot,2023-03,0
stvir_pysot,2023-04,4
stvir_pysot,2023-05,0
stvir_pysot,2023-06,0
stvir_pysot,2023-07,0
stvir_pysot,2023-08,0
stvir_pysot,2023-09,0
stvir_pysot,2023-10,0
stvir_pysot,2023-11,2
stvir_pysot,2023-12,0
stvir_pysot,2024-01,0
stvir_pysot,2024-02,0
stvir_pysot,2024-03,0
stvir_pysot,2024-04,0
stvir_pysot,2024-05,0
stvir_pysot,2024-06,0
stvir_pysot,2024-07,0
stvir_pysot,2024-08,0
stvir_pysot,2024-09,0
stvir_pysot,2024-10,0
stvir_pysot,2024-11,0
stvir_pysot,2024-12,0
stvir_pysot,2025-01,0
stvir_pysot,2025-02,0
stvir_pysot,2025-03,1
stvir_pysot,2025-04,4
stvir_pysot,2025-05,0
stvir_pysot,2025-06,3
tidymodels_rsample,2017-04,15
tidymodels_rsample,2017-05,25
tidymodels_rsample,2017-06,21
tidymodels_rsample,2017-07,14
tidymodels_rsample,2017-08,4
tidymodels_rsample,2017-09,21
tidymodels_rsample,2017-10,18
tidymodels_rsample,2017-11,7
tidymodels_rsample,2017-12,8
tidymodels_rsample,2018-01,2
tidymodels_rsample,2018-02,5
tidymodels_rsample,2018-03,2
tidymodels_rsample,2018-04,3
tidymodels_rsample,2018-05,0
tidymodels_rsample,2018-06,4
tidymodels_rsample,2018-07,14
tidymodels_rsample,2018-08,7
tidymodels_rsample,2018-09,19
tidymodels_rsample,2018-10,7
tidymodels_rsample,2018-11,28
tidymodels_rsample,2018-12,17
tidymodels_rsample,2019-01,14
tidymodels_rsample,2019-02,1
tidymodels_rsample,2019-03,9
tidymodels_rsample,2019-04,1
tidymodels_rsample,2019-05,0
tidymodels_rsample,2019-06,0
tidymodels_rsample,2019-07,47
tidymodels_rsample,2019-08,3
tidymodels_rsample,2019-09,5
tidymodels_rsample,2019-10,0
tidymodels_rsample,2019-11,2
tidymodels_rsample,2019-12,12
tidymodels_rsample,2020-01,6
tidymodels_rsample,2020-02,12
tidymodels_rsample,2020-03,31
tidymodels_rsample,2020-04,5
tidymodels_rsample,2020-05,75
tidymodels_rsample,2020-06,24
tidymodels_rsample,2020-07,20
tidymodels_rsample,2020-08,5
tidymodels_rsample,2020-09,26
tidymodels_rsample,2020-10,42
tidymodels_rsample,2020-11,9
tidymodels_rsample,2020-12,4
tidymodels_rsample,2021-01,26
tidymodels_rsample,2021-02,47
tidymodels_rsample,2021-03,28
tidymodels_rsample,2021-04,17
tidymodels_rsample,2021-05,28
tidymodels_rsample,2021-06,21
tidymodels_rsample,2021-07,0
tidymodels_rsample,2021-08,3
tidymodels_rsample,2021-09,26
tidymodels_rsample,2021-10,5
tidymodels_rsample,2021-11,25
tidymodels_rsample,2021-12,0
tidymodels_rsample,2022-01,0
tidymodels_rsample,2022-02,28
tidymodels_rsample,2022-03,6
tidymodels_rsample,2022-04,8
tidymodels_rsample,2022-05,0
tidymodels_rsample,2022-06,119
tidymodels_rsample,2022-07,78
tidymodels_rsample,2022-08,44
tidymodels_rsample,2022-09,11
tidymodels_rsample,2022-10,10
tidymodels_rsample,2022-11,21
tidymodels_rsample,2022-12,86
tidymodels_rsample,2023-01,2
tidymodels_rsample,2023-02,18
tidymodels_rsample,2023-03,21
tidymodels_rsample,2023-04,33
tidymodels_rsample,2023-05,3
tidymodels_rsample,2023-06,12
tidymodels_rsample,2023-07,3
tidymodels_rsample,2023-08,36
tidymodels_rsample,2023-09,0
tidymodels_rsample,2023-10,0
tidymodels_rsample,2023-11,4
tidymodels_rsample,2023-12,0
tidymodels_rsample,2024-01,8
tidymodels_rsample,2024-02,0
tidymodels_rsample,2024-03,10
tidymodels_rsample,2024-04,4
tidymodels_rsample,2024-05,49
tidymodels_rsample,2024-06,2
tidymodels_rsample,2024-07,20
tidymodels_rsample,2024-08,55
tidymodels_rsample,2024-09,186
tidymodels_rsample,2024-10,0
tidymodels_rsample,2024-11,0
tidymodels_rsample,2024-12,0
tidymodels_rsample,2025-01,0
tidymodels_rsample,2025-02,0
tidymodels_rsample,2025-03,9
tidymodels_rsample,2025-04,30
tidymodels_rsample,2025-05,0
tidymodels_rsample,2025-06,12
tidymodels_rsample,2025-07,66
tidymodels_rsample,2025-08,0
tidymodels_rsample,2025-09,2
tidymodels_rsample,2025-10,11
tidymodels_rsample,2025-11,3
tidymodels_rsample,2025-12,3
tidymodels_rsample,2026-01,17
tidymodels_rsample,2026-02,0
tidymodels_rsample,2026-03,0
tidymodels_rsample,2026-04,3
