project,number_of_commits,number_of_authors,max_time,min_time,number_of_stars,number_of_forks,last_commit_date,LongestGapStart,LongestGapEnd,LongestGapLength,NumCommitsAfterLastGap,NumberOfGapsInTimeline,ActivityPattern,BeforeThemes,AfterThemes,HypothesizedGapReason,HasRecovered,WhyRecovered,WhoRecovered,CurrentStatus,RecentThemes,Notes
aidenlab_straw,453,36,2025-06-29 21:21:26+00:00,2016-07-28 19:09:03+00:00,70,35,2025-04-06T02:23:28Z,2024-04,2025-03,12,27,5,irregular,"feature development, bug fixes","feature development, bug fixes","Development may have slowed after the earlier bug fixes and matrix-related changes were completed, leaving fewer immediate issues to address.",Yes,"Muhammad Saad Shamim returned to improve performance by parallelizing block retrieval, adding a thread pool, and fixing bugs.",Muhammad Saad Shamim <sa501428@gmail.com>,Inactive,Bug fixes,"This project is somewhat easy to interpret because the commits before and after the gap both focus on feature development and bug fixes. Development may have slowed after earlier issues were resolved, but Muhammad Saad Shamim returned to improve performance through parallelization and additional bug fixes."
coin-or_ipopt,8374,74,2026-03-09 19:56:22+00:00,2004-10-21 01:03:09+00:00,1790,318,2026-08-27T14:02:53Z,2017-07,2017-10,4,1310,2,steady,"feature development, Dependency updates","feature development, bug fixes","The gap may reflect a transition in development or maintenance, especially given the earlier SVN migration activity and dependency-related changes.",Yes,"Paul Scott contributed a fix for CPU timing during reoptimization, which was followed by additional fixes from Stefan Vigerske.",Paul Scott <paul.m.sco@gmail.com>,Active,Release,"This gap is harder to interpret because the earlier commits include SVN migration activity, making it difficult to determine whether development actually stopped. However, Paul Scott's CPU timing fix suggests that development resumed when a specific issue needed attention."
corybrunson_ggalluvial,864,14,2026-04-11 23:12:25+00:00,2016-05-16 21:24:54+00:00,524,34,2026-02-22T13:12:42Z,2023-08,2024-05,10,24,7,declining,"Documentation updates, Dependency updates","Documentation updates, bug fixes","The project may have reached a relatively stable point after its documentation and version updates, reducing the need for immediate development.",No,"Michael Chirico contributed a typo correction and changes to testing, which brought new activity before the maintainer continued making updates.",Michael Chirico <chiricom@google.com>,Inactive,Bug fixes,This gap is relatively easy to interpret because the project appears to have reached a stable point after its documentation and version updates. Michael Chirico's contributions to testing and documentation seem to have brought activity back before the original maintainer continued development.
google-research_torchsde,615,23,2025-01-14 13:55:14+00:00,2020-07-06 23:58:04+00:00,1727,231,2024-12-30T10:52:51Z,2021-08,2023-06,23,34,3,declining,"Release, bug fixes","Bug Fixes, Security patches","Development may have slowed after the PyPI release work was completed, with fewer changes needed until new compatibility issues appeared.",Yes,"A contributor added GPU acceleration for Apple Silicon Macs, followed by fixes to version formatting and other compatibility changes.",NripeshN <nn2012@hw.ac.uk>,Inactive,Dependency updates,This gap is somewhat easy to interpret because development slowed after the earlier release-related changes were completed. The addition of Apple Silicon GPU acceleration suggests that new compatibility needs encouraged contributors to return.
maximecb_gym-minigrid,2115,193,2025-10-27 06:30:54+00:00,2017-12-13 17:26:52+00:00,2518,654,2026-09-10T21:43:25Z,2025-03,2025-05,3,19,1,U-shaped,"Dependency updates, Documentation updates","Dependency updates, feature development","The gap may reflect a period with fewer contributions, since the earlier commits were mostly documentation updates and automated deployments.",Yes,"Karan Muvvala added a publication to the documentation, followed by automated deployments and dependency updates.",Karan Muvvala <Karan.Muvvala@colorado.edu>,Active,Bug fixes,"This gap is harder to interpret because several commits involve documentation changes and automated deployments rather than major development. Activity resumed when Karan Muvvala added a publication, but this does not necessarily indicate that active feature development had returned."
ohdsi_patientlevelprediction,2679,63,2025-10-29 13:40:38+00:00,2015-03-22 19:08:53+00:00,222,96,2026-09-21T11:43:21Z,2019-09,2019-09,1,1856,0,inclining,"Feature development, bug fixes","Bug fixes, feature development","Development may have slowed while contributors worked through changes involving neural networks, model training, and other existing features.",Yes,"Peter Rijnbeek resumed work by resolving merge conflicts and cleaning up code, followed by changes to patient splitting and bug fixes.",Peter Rijnbeek <p.rijnbeek@erasmusmc.nl>,Active,Release,This gap is harder to interpret because the commits involve several contributors working on different features and fixes. Peter Rijnbeek's return to resolve merge conflicts suggests that unfinished development may have contributed to the renewed activity.
seung-lab_cloud-volume,3487,51,2025-10-31 19:38:23+00:00,2017-07-25 17:34:30+00:00,175,54,2026-09-28T22:12:01Z,2021-09,2021-09,1,1009,0,U-shaped,"Feature development, Release","Release, bug fixes","The gap may have followed the 5.3.0 release, when the project had fewer immediate changes to make.",Yes,"Forrest Collman updated the jsonschema dependency requirement, after which the maintainer reorganized requirements and released version 5.3.1.",Forrest Collman <forrest.collman@gmail.com>,Active,Bug fixes,This gap is relatively easy to interpret because the project had just completed version 5.3.0 before activity slowed. Forrest Collman's dependency fix appears to have prompted additional maintenance work and the release of version 5.3.1.
snowleopard_alga,1997,66,2025-08-19 08:34:20+00:00,2016-12-05 00:30:03+00:00,763,74,2025-07-13T10:07:51Z,2023-05,2023-10,6,53,5,declining,"Testing, Bug fixes","Dependency updates, Feature development","Development may have slowed after the testing and compiler compatibility updates, leaving fewer issues requiring attention.",No,"Erik de Castro Lopo updated the deepseq dependency, bringing activity back before other contributors submitted changes.",Erik de Castro Lopo <erikd@mega-nerd.com>,Inactive,Dependency updates,"This gap is somewhat easy to interpret because the earlier commits focused on testing and compiler compatibility, suggesting that the project may have been relatively stable. Development resumed when Erik de Castro Lopo updated a dependency, although the commits do not explain why this change was delayed."
stvir_pysot,95,24,2025-06-22 13:38:05+00:00,2019-05-07 15:32:11+00:00,4603,1110,2025-06-22T03:59:22Z,2021-04,2023-03,24,14,5,declining,"Bug fixes, Documentation updates","Bug fixes, Documentation updates","The gap may reflect reduced maintainer activity after earlier bug fixes, with no major new development visible in the surrounding commits.",Yes,"Aryan Pandey updated the installation documentation to address an older NumPy version, followed by additional fixes and contributions.",Aryan Pandey <margiaryan@gmail.com>,Inactive,Bug fixes,This gap is harder to interpret because the commits before and after mainly address individual bugs and documentation issues rather than a clear development goal. Aryan Pandey's installation documentation update suggests that a specific compatibility issue brought activity back.
tidymodels_rsample,1853,80,2026-04-14 13:53:36+00:00,2017-04-22 19:19:58+00:00,343,68,2026-09-17T17:57:29Z,2024-10,2025-02,5,156,1,inclining,"Feature development, bug fixes","Testing, Feature development",The project may have entered a quieter maintenance period after the earlier testing improvements and feature-related changes.,Yes,"Hannah Frick resumed development with documentation changes, testing improvements, and updates to deprecated functions.",Hannah Frick <hannah@posit.co>,Active,Bug fixes,"This gap is relatively easy to interpret because Hannah Frick was active on both sides of the gap, suggesting a temporary slowdown rather than a change in maintainers. Development resumed with documentation changes, additional testing, and improvements to deprecated functions."
